[{"storeID":98053,"salesPersonID":1,"cdID":321456,"pricePaid":2,"date":"2023-04-08T05:52:22.493Z"},{"storeID":98007,"salesPersonID":7,"cdID":621453,"pricePaid":9,"date":"2023-04-08T05:58:22.494Z"},{"storeID":98007,"salesPersonID":8,"cdID":654123,"pricePaid":5,"date":"2023-04-08T05:53:22.494Z"},{"storeID":98053,"salesPersonID":3,"cdID":321654,"pricePaid":8,"date":"2023-04-08T06:09:22.494Z"},{"storeID":98053,"salesPersonID":4,"cdID":123654,"pricePaid":1,"date":"2023-04-08T06:02:22.495Z"},{"storeID":98077,"salesPersonID":10,"cdID":123654,"pricePaid":2,"date":"2023-04-08T06:07:22.495Z"},{"storeID":98053,"salesPersonID":2,"cdID":654321,"pricePaid":5,"date":"2023-04-08T06:00:22.497Z"},{"storeID":98053,"salesPersonID":2,"cdID":321456,"pricePaid":5,"date":"2023-04-08T06:14:22.498Z"},{"storeID":98053,"salesPersonID":3,"cdID":623541,"pricePaid":5,"date":"2023-04-08T06:12:22.500Z"},{"storeID":98055,"salesPersonID":16,"cdID":123456,"pricePaid":8,"date":"2023-04-08T06:18:22.502Z"},{"storeID":98053,"salesPersonID":1,"cdID":123456,"pricePaid":9,"date":"2023-04-08T05:54:22.502Z"},{"storeID":98011,"salesPersonID":19,"cdID":321654,"pricePaid":1,"date":"2023-04-08T05:53:22.502Z"},{"storeID":98055,"salesPersonID":16,"cdID":623541,"pricePaid":4,"date":"2023-04-08T05:59:22.502Z"},{"storeID":98055,"salesPersonID":15,"cdID":543216,"pricePaid":9,"date":"2023-04-08T06:17:22.503Z"},{"storeID":98011,"salesPersonID":20,"cdID":623541,"pricePaid":7,"date":"2023-04-08T06:11:22.503Z"},{"storeID":98077,"salesPersonID":12,"cdID":123456,"pricePaid":5,"date":"2023-04-08T05:56:22.503Z"},{"storeID":98007,"salesPersonID":5,"cdID":623541,"pricePaid":6,"date":"2023-04-08T05:50:22.503Z"},{"storeID":98077,"salesPersonID":11,"cdID":123654,"pricePaid":6,"date":"2023-04-08T06:09:22.503Z"},{"storeID":98007,"salesPersonID":5,"cdID":321654,"pricePaid":9,"date":"2023-04-08T06:03:22.504Z"},{"storeID":98077,"salesPersonID":12,"cdID":543216,"pricePaid":3,"date":"2023-04-08T06:00:22.504Z"},{"storeID":98055,"salesPersonID":15,"cdID":654321,"pricePaid":9,"date":"2023-04-08T05:56:22.504Z"},{"storeID":98055,"salesPersonID":16,"cdID":123456,"pricePaid":1,"date":"2023-04-08T06:18:22.504Z"},{"storeID":98011,"salesPersonID":20,"cdID":123654,"pricePaid":5,"date":"2023-04-08T05:52:22.505Z"},{"storeID":98011,"salesPersonID":20,"cdID":623541,"pricePaid":4,"date":"2023-04-08T06:11:22.505Z"},{"storeID":98007,"salesPersonID":7,"cdID":654321,"pricePaid":4,"date":"2023-04-08T05:59:22.505Z"},{"storeID":98055,"salesPersonID":13,"cdID":543216,"pricePaid":9,"date":"2023-04-08T06:00:22.505Z"},{"storeID":98053,"salesPersonID":3,"cdID":623541,"pricePaid":7,"date":"2023-04-08T05:56:22.505Z"},{"storeID":98053,"salesPersonID":3,"cdID":321654,"pricePaid":2,"date":"2023-04-08T05:56:22.506Z"},{"storeID":98055,"salesPersonID":13,"cdID":621453,"pricePaid":8,"date":"2023-04-08T06:16:22.506Z"},{"storeID":98053,"salesPersonID":3,"cdID":354126,"pricePaid":8,"date":"2023-04-08T06:06:22.506Z"},{"storeID":98077,"salesPersonID":9,"cdID":621453,"pricePaid":8,"date":"2023-04-08T06:16:22.506Z"},{"storeID":98055,"salesPersonID":16,"cdID":621453,"pricePaid":3,"date":"2023-04-08T06:06:22.506Z"},{"storeID":98046,"salesPersonID":24,"cdID":123654,"pricePaid":2,"date":"2023-04-08T05:50:22.507Z"},{"storeID":98055,"salesPersonID":16,"cdID":354126,"pricePaid":3,"date":"2023-04-08T06:17:22.507Z"},{"storeID":98055,"salesPersonID":13,"cdID":654321,"pricePaid":8,"date":"2023-04-08T06:04:22.507Z"},{"storeID":98077,"salesPersonID":10,"cdID":321654,"pricePaid":8,"date":"2023-04-08T06:18:22.507Z"},{"storeID":98007,"salesPersonID":7,"cdID":621453,"pricePaid":8,"date":"2023-04-08T06:12:22.507Z"},{"storeID":98011,"salesPersonID":20,"cdID":321654,"pricePaid":8,"date":"2023-04-08T05:57:22.508Z"},{"storeID":98055,"salesPersonID":14,"cdID":654321,"pricePaid":9,"date":"2023-04-08T06:03:22.508Z"},{"storeID":98053,"salesPersonID":3,"cdID":321654,"pricePaid":3,"date":"2023-04-08T06:14:22.508Z"},{"storeID":98053,"salesPersonID":1,"cdID":354126,"pricePaid":9,"date":"2023-04-08T06:12:22.508Z"},{"storeID":98007,"salesPersonID":8,"cdID":123456,"pricePaid":8,"date":"2023-04-08T05:54:22.508Z"},{"storeID":98055,"salesPersonID":16,"cdID":654123,"pricePaid":2,"date":"2023-04-08T05:50:22.509Z"},{"storeID":98077,"salesPersonID":11,"cdID":654321,"pricePaid":1,"date":"2023-04-08T06:18:22.509Z"},{"storeID":98053,"salesPersonID":1,"cdID":654321,"pricePaid":7,"date":"2023-04-08T05:59:22.511Z"},{"storeID":98011,"salesPersonID":20,"cdID":623541,"pricePaid":9,"date":"2023-04-08T05:59:22.512Z"},{"storeID":98007,"salesPersonID":8,"cdID":621453,"pricePaid":6,"date":"2023-04-08T06:13:22.512Z"},{"storeID":98055,"salesPersonID":16,"cdID":623541,"pricePaid":5,"date":"2023-04-08T05:49:22.513Z"},{"storeID":98055,"salesPersonID":14,"cdID":123456,"pricePaid":3,"date":"2023-04-08T06:16:22.513Z"},{"storeID":98055,"salesPersonID":14,"cdID":321456,"pricePaid":7,"date":"2023-04-08T05:57:22.513Z"},{"storeID":98053,"salesPersonID":2,"cdID":654123,"pricePaid":8,"date":"2023-04-08T05:53:22.513Z"},{"storeID":98007,"salesPersonID":5,"cdID":543216,"pricePaid":9,"date":"2023-04-08T06:06:22.514Z"},{"storeID":98007,"salesPersonID":6,"cdID":654321,"pricePaid":6,"date":"2023-04-08T06:02:22.514Z"},{"storeID":98046,"salesPersonID":23,"cdID":623541,"pricePaid":1,"date":"2023-04-08T06:07:22.514Z"},{"storeID":98046,"salesPersonID":24,"cdID":543216,"pricePaid":1,"date":"2023-04-08T05:54:22.514Z"},{"storeID":98077,"salesPersonID":10,"cdID":354126,"pricePaid":1,"date":"2023-04-08T05:54:22.514Z"},{"storeID":98077,"salesPersonID":10,"cdID":123456,"pricePaid":7,"date":"2023-04-08T06:00:22.514Z"},{"storeID":98053,"salesPersonID":4,"cdID":321654,"pricePaid":3,"date":"2023-04-08T06:15:22.515Z"},{"storeID":98011,"salesPersonID":18,"cdID":354126,"pricePaid":6,"date":"2023-04-08T06:13:22.515Z"},{"storeID":98046,"salesPersonID":23,"cdID":543216,"pricePaid":9,"date":"2023-04-08T06:10:22.515Z"},{"storeID":98007,"salesPersonID":8,"cdID":623541,"pricePaid":2,"date":"2023-04-08T06:05:22.515Z"},{"storeID":98055,"salesPersonID":13,"cdID":654321,"pricePaid":9,"date":"2023-04-08T05:50:22.517Z"},{"storeID":98053,"salesPersonID":3,"cdID":321654,"pricePaid":6,"date":"2023-04-08T06:05:22.521Z"},{"storeID":98007,"salesPersonID":6,"cdID":654123,"pricePaid":6,"date":"2023-04-08T05:59:22.521Z"},{"storeID":98011,"salesPersonID":20,"cdID":354126,"pricePaid":3,"date":"2023-04-08T06:17:22.524Z"},{"storeID":98011,"salesPersonID":20,"cdID":354126,"pricePaid":5,"date":"2023-04-08T05:56:22.526Z"},{"storeID":98053,"salesPersonID":3,"cdID":543216,"pricePaid":3,"date":"2023-04-08T05:50:22.527Z"},{"storeID":98007,"salesPersonID":5,"cdID":321654,"pricePaid":4,"date":"2023-04-08T06:01:22.527Z"},{"storeID":98007,"salesPersonID":8,"cdID":123456,"pricePaid":9,"date":"2023-04-08T06:18:22.530Z"},{"storeID":98077,"salesPersonID":9,"cdID":321456,"pricePaid":9,"date":"2023-04-08T05:56:22.530Z"},{"storeID":98046,"salesPersonID":21,"cdID":654123,"pricePaid":2,"date":"2023-04-08T06:03:22.531Z"},{"storeID":98055,"salesPersonID":13,"cdID":123654,"pricePaid":9,"date":"2023-04-08T05:52:22.531Z"},{"storeID":98011,"salesPersonID":18,"cdID":354126,"pricePaid":5,"date":"2023-04-08T06:12:22.531Z"},{"storeID":98077,"salesPersonID":11,"cdID":123654,"pricePaid":1,"date":"2023-04-08T06:16:22.531Z"},{"storeID":98053,"salesPersonID":4,"cdID":621453,"pricePaid":1,"date":"2023-04-08T06:14:22.531Z"},{"storeID":98077,"salesPersonID":10,"cdID":321654,"pricePaid":9,"date":"2023-04-08T06:17:22.532Z"},{"storeID":98053,"salesPersonID":3,"cdID":543216,"pricePaid":1,"date":"2023-04-08T06:17:22.532Z"},{"storeID":98007,"salesPersonID":6,"cdID":123456,"pricePaid":8,"date":"2023-04-08T06:11:22.532Z"},{"storeID":98046,"salesPersonID":24,"cdID":321456,"pricePaid":4,"date":"2023-04-08T06:05:22.532Z"},{"storeID":98077,"salesPersonID":11,"cdID":623541,"pricePaid":4,"date":"2023-04-08T06:15:22.533Z"},{"storeID":98077,"salesPersonID":11,"cdID":621453,"pricePaid":4,"date":"2023-04-08T06:15:22.533Z"},{"storeID":98077,"salesPersonID":11,"cdID":321456,"pricePaid":7,"date":"2023-04-08T06:02:22.534Z"},{"storeID":98055,"salesPersonID":16,"cdID":654321,"pricePaid":6,"date":"2023-04-08T05:53:22.534Z"},{"storeID":98011,"salesPersonID":17,"cdID":623541,"pricePaid":9,"date":"2023-04-08T06:02:22.535Z"},{"storeID":98055,"salesPersonID":14,"cdID":543216,"pricePaid":8,"date":"2023-04-08T06:06:22.535Z"},{"storeID":98011,"salesPersonID":18,"cdID":321456,"pricePaid":8,"date":"2023-04-08T06:09:22.541Z"},{"storeID":98055,"salesPersonID":14,"cdID":321456,"pricePaid":4,"date":"2023-04-08T06:04:22.542Z"},{"storeID":98077,"salesPersonID":12,"cdID":123456,"pricePaid":6,"date":"2023-04-08T06:07:22.542Z"},{"storeID":98007,"salesPersonID":5,"cdID":354126,"pricePaid":6,"date":"2023-04-08T06:00:22.542Z"},{"storeID":98011,"salesPersonID":18,"cdID":321654,"pricePaid":9,"date":"2023-04-08T05:51:22.542Z"},{"storeID":98007,"salesPersonID":8,"cdID":623541,"pricePaid":2,"date":"2023-04-08T05:55:22.542Z"},{"storeID":98007,"salesPersonID":8,"cdID":621453,"pricePaid":1,"date":"2023-04-08T05:58:22.543Z"},{"storeID":98055,"salesPersonID":16,"cdID":654321,"pricePaid":6,"date":"2023-04-08T06:07:22.543Z"},{"storeID":98007,"salesPersonID":8,"cdID":621453,"pricePaid":5,"date":"2023-04-08T06:00:22.543Z"},{"storeID":98011,"salesPersonID":20,"cdID":654123,"pricePaid":5,"date":"2023-04-08T06:06:22.543Z"},{"storeID":98046,"salesPersonID":21,"cdID":321456,"pricePaid":4,"date":"2023-04-08T06:03:22.543Z"},{"storeID":98077,"salesPersonID":11,"cdID":123456,"pricePaid":7,"date":"2023-04-08T06:14:22.543Z"},{"storeID":98046,"salesPersonID":22,"cdID":123456,"pricePaid":7,"date":"2023-04-08T05:49:22.544Z"},{"storeID":98046,"salesPersonID":23,"cdID":621453,"pricePaid":4,"date":"2023-04-08T05:59:22.544Z"},{"storeID":98055,"salesPersonID":14,"cdID":621453,"pricePaid":9,"date":"2023-04-08T06:05:22.544Z"},{"storeID":98053,"salesPersonID":3,"cdID":543216,"pricePaid":5,"date":"2023-04-08T06:03:22.544Z"},{"storeID":98055,"salesPersonID":14,"cdID":654123,"pricePaid":9,"date":"2023-04-08T06:14:22.548Z"},{"storeID":98046,"salesPersonID":24,"cdID":354126,"pricePaid":1,"date":"2023-04-08T06:08:22.549Z"},{"storeID":98055,"salesPersonID":15,"cdID":321456,"pricePaid":2,"date":"2023-04-08T06:04:22.549Z"},{"storeID":98053,"salesPersonID":1,"cdID":543216,"pricePaid":8,"date":"2023-04-08T06:00:22.549Z"},{"storeID":98046,"salesPersonID":23,"cdID":654123,"pricePaid":8,"date":"2023-04-08T05:59:22.549Z"},{"storeID":98055,"salesPersonID":13,"cdID":654123,"pricePaid":5,"date":"2023-04-08T06:16:22.550Z"},{"storeID":98077,"salesPersonID":10,"cdID":321654,"pricePaid":7,"date":"2023-04-08T06:05:22.550Z"},{"storeID":98007,"salesPersonID":5,"cdID":321654,"pricePaid":9,"date":"2023-04-08T06:09:22.550Z"},{"storeID":98053,"salesPersonID":1,"cdID":654321,"pricePaid":8,"date":"2023-04-08T06:06:22.550Z"},{"storeID":98007,"salesPersonID":6,"cdID":123654,"pricePaid":4,"date":"2023-04-08T06:12:22.550Z"},{"storeID":98053,"salesPersonID":3,"cdID":354126,"pricePaid":2,"date":"2023-04-08T06:01:22.551Z"},{"storeID":98077,"salesPersonID":12,"cdID":123654,"pricePaid":3,"date":"2023-04-08T06:11:22.553Z"},{"storeID":98077,"salesPersonID":10,"cdID":321456,"pricePaid":6,"date":"2023-04-08T06:04:22.553Z"},{"storeID":98011,"salesPersonID":19,"cdID":543216,"pricePaid":6,"date":"2023-04-08T05:51:22.554Z"},{"storeID":98011,"salesPersonID":17,"cdID":654123,"pricePaid":8,"date":"2023-04-08T06:03:22.554Z"},{"storeID":98077,"salesPersonID":11,"cdID":123456,"pricePaid":8,"date":"2023-04-08T05:55:22.559Z"},{"storeID":98046,"salesPersonID":24,"cdID":123456,"pricePaid":5,"date":"2023-04-08T06:12:22.559Z"},{"storeID":98046,"salesPersonID":24,"cdID":354126,"pricePaid":2,"date":"2023-04-08T05:51:22.560Z"},{"storeID":98077,"salesPersonID":11,"cdID":623541,"pricePaid":2,"date":"2023-04-08T06:08:22.560Z"},{"storeID":98046,"salesPersonID":22,"cdID":654321,"pricePaid":5,"date":"2023-04-08T06:00:22.560Z"},{"storeID":98077,"salesPersonID":9,"cdID":654321,"pricePaid":8,"date":"2023-04-08T06:05:22.560Z"},{"storeID":98007,"salesPersonID":6,"cdID":623541,"pricePaid":2,"date":"2023-04-08T06:09:22.571Z"},{"storeID":98011,"salesPersonID":18,"cdID":354126,"pricePaid":3,"date":"2023-04-08T06:08:22.571Z"},{"storeID":98077,"salesPersonID":12,"cdID":123654,"pricePaid":5,"date":"2023-04-08T06:13:22.572Z"},{"storeID":98046,"salesPersonID":23,"cdID":123456,"pricePaid":2,"date":"2023-04-08T05:54:22.572Z"},{"storeID":98046,"salesPersonID":24,"cdID":321654,"pricePaid":5,"date":"2023-04-08T06:16:22.572Z"},{"storeID":98011,"salesPersonID":17,"cdID":654123,"pricePaid":4,"date":"2023-04-08T06:05:22.572Z"},{"storeID":98053,"salesPersonID":3,"cdID":321456,"pricePaid":2,"date":"2023-04-08T06:12:22.573Z"},{"storeID":98046,"salesPersonID":24,"cdID":354126,"pricePaid":6,"date":"2023-04-08T06:17:22.573Z"},{"storeID":98046,"salesPersonID":24,"cdID":543216,"pricePaid":5,"date":"2023-04-08T06:12:22.573Z"},{"storeID":98053,"salesPersonID":2,"cdID":321456,"pricePaid":6,"date":"2023-04-08T05:49:22.575Z"},{"storeID":98011,"salesPersonID":20,"cdID":621453,"pricePaid":5,"date":"2023-04-08T05:51:22.575Z"},{"storeID":98055,"salesPersonID":14,"cdID":123654,"pricePaid":9,"date":"2023-04-08T06:08:22.576Z"},{"storeID":98077,"salesPersonID":12,"cdID":123654,"pricePaid":9,"date":"2023-04-08T06:07:22.576Z"},{"storeID":98077,"salesPersonID":10,"cdID":654321,"pricePaid":1,"date":"2023-04-08T06:14:22.577Z"},{"storeID":98053,"salesPersonID":3,"cdID":123654,"pricePaid":7,"date":"2023-04-08T05:51:22.577Z"},{"storeID":98053,"salesPersonID":1,"cdID":123654,"pricePaid":1,"date":"2023-04-08T06:00:22.578Z"},{"storeID":98055,"salesPersonID":15,"cdID":321654,"pricePaid":8,"date":"2023-04-08T06:09:22.579Z"},{"storeID":98011,"salesPersonID":18,"cdID":123456,"pricePaid":7,"date":"2023-04-08T05:59:22.579Z"},{"storeID":98007,"salesPersonID":5,"cdID":354126,"pricePaid":4,"date":"2023-04-08T06:13:22.580Z"},{"storeID":98077,"salesPersonID":10,"cdID":354126,"pricePaid":8,"date":"2023-04-08T06:05:22.581Z"},{"storeID":98011,"salesPersonID":19,"cdID":654123,"pricePaid":9,"date":"2023-04-08T05:51:22.583Z"},{"storeID":98011,"salesPersonID":17,"cdID":321654,"pricePaid":7,"date":"2023-04-08T05:53:22.584Z"},{"storeID":98007,"salesPersonID":7,"cdID":354126,"pricePaid":5,"date":"2023-04-08T06:04:22.586Z"},{"storeID":98011,"salesPersonID":18,"cdID":654321,"pricePaid":5,"date":"2023-04-08T06:01:22.586Z"},{"storeID":98055,"salesPersonID":15,"cdID":321456,"pricePaid":2,"date":"2023-04-08T05:55:22.587Z"},{"storeID":98053,"salesPersonID":2,"cdID":321456,"pricePaid":7,"date":"2023-04-08T06:00:22.589Z"},{"storeID":98055,"salesPersonID":13,"cdID":621453,"pricePaid":4,"date":"2023-04-08T05:57:22.589Z"},{"storeID":98011,"salesPersonID":17,"cdID":543216,"pricePaid":7,"date":"2023-04-08T06:05:22.591Z"},{"storeID":98053,"salesPersonID":2,"cdID":123456,"pricePaid":5,"date":"2023-04-08T05:56:22.592Z"},{"storeID":98053,"salesPersonID":2,"cdID":654321,"pricePaid":7,"date":"2023-04-08T06:13:22.596Z"},{"storeID":98053,"salesPersonID":1,"cdID":321654,"pricePaid":9,"date":"2023-04-08T05:55:22.597Z"},{"storeID":98077,"salesPersonID":11,"cdID":321654,"pricePaid":9,"date":"2023-04-08T06:04:22.598Z"},{"storeID":98077,"salesPersonID":9,"cdID":354126,"pricePaid":3,"date":"2023-04-08T05:50:22.599Z"},{"storeID":98011,"salesPersonID":20,"cdID":321654,"pricePaid":3,"date":"2023-04-08T06:04:22.600Z"},{"storeID":98053,"salesPersonID":4,"cdID":321456,"pricePaid":5,"date":"2023-04-08T05:50:22.602Z"},{"storeID":98055,"salesPersonID":16,"cdID":123456,"pricePaid":4,"date":"2023-04-08T06:14:22.603Z"},{"storeID":98053,"salesPersonID":3,"cdID":654321,"pricePaid":8,"date":"2023-04-08T06:05:22.604Z"},{"storeID":98055,"salesPersonID":16,"cdID":354126,"pricePaid":8,"date":"2023-04-08T05:56:22.605Z"},{"storeID":98046,"salesPersonID":21,"cdID":123456,"pricePaid":3,"date":"2023-04-08T06:10:22.607Z"},{"storeID":98007,"salesPersonID":6,"cdID":543216,"pricePaid":7,"date":"2023-04-08T05:53:22.609Z"},{"storeID":98077,"salesPersonID":12,"cdID":123456,"pricePaid":2,"date":"2023-04-08T06:13:22.610Z"},{"storeID":98055,"salesPersonID":16,"cdID":321456,"pricePaid":7,"date":"2023-04-08T06:03:22.611Z"},{"storeID":98011,"salesPersonID":19,"cdID":354126,"pricePaid":2,"date":"2023-04-08T06:14:22.613Z"},{"storeID":98055,"salesPersonID":13,"cdID":123456,"pricePaid":6,"date":"2023-04-08T05:50:22.614Z"},{"storeID":98007,"salesPersonID":7,"cdID":654321,"pricePaid":3,"date":"2023-04-08T06:06:22.616Z"},{"storeID":98011,"salesPersonID":19,"cdID":623541,"pricePaid":3,"date":"2023-04-08T06:16:22.617Z"},{"storeID":98077,"salesPersonID":11,"cdID":321654,"pricePaid":2,"date":"2023-04-08T06:05:22.619Z"},{"storeID":98055,"salesPersonID":15,"cdID":321654,"pricePaid":9,"date":"2023-04-08T05:49:22.621Z"},{"storeID":98053,"salesPersonID":1,"cdID":354126,"pricePaid":1,"date":"2023-04-08T06:01:22.622Z"},{"storeID":98011,"salesPersonID":18,"cdID":123654,"pricePaid":8,"date":"2023-04-08T06:03:22.624Z"},{"storeID":98046,"salesPersonID":21,"cdID":654123,"pricePaid":6,"date":"2023-04-08T06:17:22.626Z"},{"storeID":98053,"salesPersonID":3,"cdID":621453,"pricePaid":3,"date":"2023-04-08T06:01:22.627Z"},{"storeID":98011,"salesPersonID":19,"cdID":543216,"pricePaid":5,"date":"2023-04-08T05:58:22.646Z"},{"storeID":98055,"salesPersonID":13,"cdID":621453,"pricePaid":6,"date":"2023-04-08T06:10:22.647Z"},{"storeID":98007,"salesPersonID":5,"cdID":321456,"pricePaid":8,"date":"2023-04-08T05:53:22.647Z"},{"storeID":98053,"salesPersonID":4,"cdID":123654,"pricePaid":4,"date":"2023-04-08T06:02:22.647Z"},{"storeID":98011,"salesPersonID":19,"cdID":123456,"pricePaid":8,"date":"2023-04-08T06:03:22.648Z"},{"storeID":98077,"salesPersonID":9,"cdID":321456,"pricePaid":5,"date":"2023-04-08T05:50:22.648Z"},{"storeID":98046,"salesPersonID":22,"cdID":354126,"pricePaid":7,"date":"2023-04-08T06:05:22.649Z"},{"storeID":98077,"salesPersonID":11,"cdID":321456,"pricePaid":6,"date":"2023-04-08T05:52:22.650Z"},{"storeID":98011,"salesPersonID":17,"cdID":123456,"pricePaid":8,"date":"2023-04-08T06:16:22.651Z"},{"storeID":98046,"salesPersonID":22,"cdID":654321,"pricePaid":7,"date":"2023-04-08T06:18:22.651Z"},{"storeID":98077,"salesPersonID":9,"cdID":623541,"pricePaid":9,"date":"2023-04-08T05:51:22.652Z"},{"storeID":98011,"salesPersonID":20,"cdID":123654,"pricePaid":6,"date":"2023-04-08T06:14:22.653Z"},{"storeID":98046,"salesPersonID":23,"cdID":123654,"pricePaid":1,"date":"2023-04-08T06:12:22.653Z"},{"storeID":98055,"salesPersonID":13,"cdID":354126,"pricePaid":9,"date":"2023-04-08T06:03:22.653Z"},{"storeID":98053,"salesPersonID":3,"cdID":623541,"pricePaid":7,"date":"2023-04-08T05:58:22.654Z"},{"storeID":98077,"salesPersonID":10,"cdID":621453,"pricePaid":2,"date":"2023-04-08T05:56:22.655Z"},{"storeID":98053,"salesPersonID":2,"cdID":654123,"pricePaid":1,"date":"2023-04-08T06:02:22.655Z"},{"storeID":98053,"salesPersonID":3,"cdID":623541,"pricePaid":8,"date":"2023-04-08T06:10:22.655Z"},{"storeID":98046,"salesPersonID":22,"cdID":654123,"pricePaid":6,"date":"2023-04-08T05:51:22.656Z"},{"storeID":98077,"salesPersonID":9,"cdID":123456,"pricePaid":9,"date":"2023-04-08T06:14:22.656Z"},{"storeID":98046,"salesPersonID":23,"cdID":354126,"pricePaid":8,"date":"2023-04-08T06:01:22.657Z"},{"storeID":98055,"salesPersonID":16,"cdID":543216,"pricePaid":5,"date":"2023-04-08T06:01:22.659Z"},{"storeID":98055,"salesPersonID":13,"cdID":321654,"pricePaid":7,"date":"2023-04-08T05:49:22.662Z"},{"storeID":98007,"salesPersonID":8,"cdID":321456,"pricePaid":3,"date":"2023-04-08T06:12:22.664Z"},{"storeID":98046,"salesPersonID":23,"cdID":321456,"pricePaid":4,"date":"2023-04-08T06:00:22.666Z"},{"storeID":98011,"salesPersonID":20,"cdID":654123,"pricePaid":1,"date":"2023-04-08T05:51:22.667Z"},{"storeID":98007,"salesPersonID":6,"cdID":354126,"pricePaid":9,"date":"2023-04-08T06:06:22.670Z"},{"storeID":98053,"salesPersonID":2,"cdID":321456,"pricePaid":1,"date":"2023-04-08T05:50:22.671Z"},{"storeID":98055,"salesPersonID":16,"cdID":621453,"pricePaid":8,"date":"2023-04-08T05:50:22.671Z"},{"storeID":98007,"salesPersonID":5,"cdID":354126,"pricePaid":8,"date":"2023-04-08T05:58:22.672Z"},{"storeID":98046,"salesPersonID":21,"cdID":123456,"pricePaid":8,"date":"2023-04-08T06:12:22.673Z"},{"storeID":98007,"salesPersonID":5,"cdID":321456,"pricePaid":3,"date":"2023-04-08T06:12:22.673Z"},{"storeID":98077,"salesPersonID":9,"cdID":123456,"pricePaid":3,"date":"2023-04-08T06:06:22.674Z"},{"storeID":98046,"salesPersonID":24,"cdID":321654,"pricePaid":4,"date":"2023-04-08T06:16:22.675Z"},{"storeID":98046,"salesPersonID":22,"cdID":623541,"pricePaid":1,"date":"2023-04-08T05:49:22.675Z"},{"storeID":98046,"salesPersonID":23,"cdID":621453,"pricePaid":8,"date":"2023-04-08T06:10:22.677Z"},{"storeID":98053,"salesPersonID":2,"cdID":654321,"pricePaid":7,"date":"2023-04-08T05:58:22.677Z"},{"storeID":98053,"salesPersonID":1,"cdID":654321,"pricePaid":2,"date":"2023-04-08T06:08:22.678Z"},{"storeID":98053,"salesPersonID":2,"cdID":123654,"pricePaid":2,"date":"2023-04-08T05:53:22.679Z"},{"storeID":98077,"salesPersonID":10,"cdID":621453,"pricePaid":3,"date":"2023-04-08T06:14:22.680Z"},{"storeID":98055,"salesPersonID":13,"cdID":321654,"pricePaid":4,"date":"2023-04-08T05:50:22.684Z"},{"storeID":98046,"salesPersonID":23,"cdID":123654,"pricePaid":9,"date":"2023-04-08T06:12:22.685Z"},{"storeID":98055,"salesPersonID":13,"cdID":623541,"pricePaid":2,"date":"2023-04-08T06:03:22.687Z"},{"storeID":98011,"salesPersonID":19,"cdID":621453,"pricePaid":2,"date":"2023-04-08T06:06:22.688Z"},{"storeID":98055,"salesPersonID":15,"cdID":654321,"pricePaid":4,"date":"2023-04-08T05:57:22.688Z"},{"storeID":98011,"salesPersonID":20,"cdID":321456,"pricePaid":7,"date":"2023-04-08T05:50:22.689Z"},{"storeID":98077,"salesPersonID":12,"cdID":354126,"pricePaid":8,"date":"2023-04-08T05:54:22.689Z"},{"storeID":98077,"salesPersonID":10,"cdID":123456,"pricePaid":6,"date":"2023-04-08T06:06:22.690Z"},{"storeID":98053,"salesPersonID":3,"cdID":654123,"pricePaid":8,"date":"2023-04-08T06:09:22.691Z"},{"storeID":98055,"salesPersonID":16,"cdID":543216,"pricePaid":5,"date":"2023-04-08T06:15:22.692Z"},{"storeID":98053,"salesPersonID":4,"cdID":623541,"pricePaid":6,"date":"2023-04-08T06:00:22.692Z"},{"storeID":98011,"salesPersonID":18,"cdID":654123,"pricePaid":1,"date":"2023-04-08T05:52:22.693Z"},{"storeID":98077,"salesPersonID":11,"cdID":623541,"pricePaid":8,"date":"2023-04-08T06:03:22.693Z"},{"storeID":98055,"salesPersonID":13,"cdID":654123,"pricePaid":2,"date":"2023-04-08T06:01:22.694Z"},{"storeID":98011,"salesPersonID":18,"cdID":123654,"pricePaid":8,"date":"2023-04-08T06:07:22.695Z"},{"storeID":98055,"salesPersonID":15,"cdID":123456,"pricePaid":7,"date":"2023-04-08T06:06:22.695Z"},{"storeID":98007,"salesPersonID":8,"cdID":123456,"pricePaid":4,"date":"2023-04-08T06:04:22.696Z"},{"storeID":98055,"salesPersonID":16,"cdID":123654,"pricePaid":7,"date":"2023-04-08T05:52:22.697Z"},{"storeID":98053,"salesPersonID":1,"cdID":654123,"pricePaid":7,"date":"2023-04-08T06:03:22.697Z"},{"storeID":98053,"salesPersonID":4,"cdID":354126,"pricePaid":6,"date":"2023-04-08T05:49:22.698Z"},{"storeID":98077,"salesPersonID":9,"cdID":654123,"pricePaid":4,"date":"2023-04-08T05:50:22.698Z"},{"storeID":98046,"salesPersonID":22,"cdID":321654,"pricePaid":1,"date":"2023-04-08T06:07:22.699Z"},{"storeID":98055,"salesPersonID":16,"cdID":654321,"pricePaid":2,"date":"2023-04-08T06:03:22.699Z"},{"storeID":98053,"salesPersonID":2,"cdID":123654,"pricePaid":1,"date":"2023-04-08T06:02:22.700Z"},{"storeID":98011,"salesPersonID":20,"cdID":654321,"pricePaid":9,"date":"2023-04-08T06:12:22.701Z"},{"storeID":98077,"salesPersonID":10,"cdID":123456,"pricePaid":8,"date":"2023-04-08T06:02:22.701Z"},{"storeID":98046,"salesPersonID":23,"cdID":354126,"pricePaid":5,"date":"2023-04-08T06:17:22.702Z"},{"storeID":98007,"salesPersonID":5,"cdID":354126,"pricePaid":7,"date":"2023-04-08T06:13:22.702Z"},{"storeID":98055,"salesPersonID":13,"cdID":621453,"pricePaid":6,"date":"2023-04-08T05:55:22.703Z"},{"storeID":98046,"salesPersonID":22,"cdID":123456,"pricePaid":7,"date":"2023-04-08T06:09:22.704Z"},{"storeID":98055,"salesPersonID":14,"cdID":123456,"pricePaid":5,"date":"2023-04-08T05:53:22.705Z"},{"storeID":98007,"salesPersonID":7,"cdID":354126,"pricePaid":1,"date":"2023-04-08T05:49:22.705Z"},{"storeID":98077,"salesPersonID":9,"cdID":321654,"pricePaid":7,"date":"2023-04-08T06:05:22.706Z"},{"storeID":98046,"salesPersonID":24,"cdID":354126,"pricePaid":5,"date":"2023-04-08T05:54:22.706Z"},{"storeID":98055,"salesPersonID":15,"cdID":654321,"pricePaid":9,"date":"2023-04-08T06:01:22.707Z"},{"storeID":98007,"salesPersonID":7,"cdID":354126,"pricePaid":7,"date":"2023-04-08T06:07:22.708Z"},{"storeID":98055,"salesPersonID":14,"cdID":123654,"pricePaid":2,"date":"2023-04-08T05:55:22.709Z"},{"storeID":98007,"salesPersonID":7,"cdID":654123,"pricePaid":4,"date":"2023-04-08T06:08:22.709Z"},{"storeID":98011,"salesPersonID":20,"cdID":654123,"pricePaid":1,"date":"2023-04-08T06:09:22.710Z"},{"storeID":98011,"salesPersonID":17,"cdID":543216,"pricePaid":7,"date":"2023-04-08T05:54:22.711Z"},{"storeID":98055,"salesPersonID":16,"cdID":321456,"pricePaid":2,"date":"2023-04-08T05:56:22.711Z"},{"storeID":98011,"salesPersonID":19,"cdID":621453,"pricePaid":3,"date":"2023-04-08T06:15:22.712Z"},{"storeID":98011,"salesPersonID":20,"cdID":123654,"pricePaid":1,"date":"2023-04-08T06:18:22.713Z"},{"storeID":98007,"salesPersonID":8,"cdID":543216,"pricePaid":7,"date":"2023-04-08T06:07:22.713Z"},{"storeID":98055,"salesPersonID":15,"cdID":123456,"pricePaid":7,"date":"2023-04-08T06:06:22.714Z"},{"storeID":98077,"salesPersonID":9,"cdID":654123,"pricePaid":8,"date":"2023-04-08T06:18:22.714Z"},{"storeID":98046,"salesPersonID":22,"cdID":321456,"pricePaid":8,"date":"2023-04-08T06:00:22.715Z"},{"storeID":98053,"salesPersonID":4,"cdID":321654,"pricePaid":1,"date":"2023-04-08T05:57:22.715Z"},{"storeID":98007,"salesPersonID":7,"cdID":321456,"pricePaid":6,"date":"2023-04-08T05:54:22.716Z"},{"storeID":98007,"salesPersonID":7,"cdID":123654,"pricePaid":1,"date":"2023-04-08T05:57:22.717Z"},{"storeID":98077,"salesPersonID":11,"cdID":123654,"pricePaid":9,"date":"2023-04-08T06:17:22.717Z"},{"storeID":98055,"salesPersonID":14,"cdID":621453,"pricePaid":8,"date":"2023-04-08T05:54:22.725Z"},{"storeID":98055,"salesPersonID":14,"cdID":123456,"pricePaid":9,"date":"2023-04-08T05:56:22.728Z"},{"storeID":98053,"salesPersonID":3,"cdID":654123,"pricePaid":1,"date":"2023-04-08T05:55:22.729Z"},{"storeID":98077,"salesPersonID":9,"cdID":621453,"pricePaid":6,"date":"2023-04-08T06:16:22.730Z"},{"storeID":98007,"salesPersonID":7,"cdID":654123,"pricePaid":2,"date":"2023-04-08T05:54:22.730Z"},{"storeID":98007,"salesPersonID":8,"cdID":654321,"pricePaid":6,"date":"2023-04-08T05:50:22.731Z"},{"storeID":98055,"salesPersonID":14,"cdID":623541,"pricePaid":4,"date":"2023-04-08T05:49:22.731Z"},{"storeID":98053,"salesPersonID":4,"cdID":123654,"pricePaid":1,"date":"2023-04-08T06:02:22.732Z"},{"storeID":98055,"salesPersonID":14,"cdID":623541,"pricePaid":7,"date":"2023-04-08T05:59:22.732Z"},{"storeID":98011,"salesPersonID":19,"cdID":654123,"pricePaid":8,"date":"2023-04-08T06:01:22.733Z"},{"storeID":98055,"salesPersonID":16,"cdID":123654,"pricePaid":9,"date":"2023-04-08T06:02:22.733Z"},{"storeID":98046,"salesPersonID":24,"cdID":123654,"pricePaid":5,"date":"2023-04-08T06:18:22.734Z"},{"storeID":98007,"salesPersonID":8,"cdID":543216,"pricePaid":1,"date":"2023-04-08T05:49:22.735Z"},{"storeID":98011,"salesPersonID":19,"cdID":654321,"pricePaid":8,"date":"2023-04-08T05:53:22.736Z"},{"storeID":98046,"salesPersonID":22,"cdID":123654,"pricePaid":6,"date":"2023-04-08T05:53:22.737Z"},{"storeID":98011,"salesPersonID":20,"cdID":123456,"pricePaid":8,"date":"2023-04-08T05:58:22.737Z"},{"storeID":98007,"salesPersonID":7,"cdID":321456,"pricePaid":6,"date":"2023-04-08T05:57:22.739Z"},{"storeID":98077,"salesPersonID":10,"cdID":321456,"pricePaid":3,"date":"2023-04-08T05:49:22.739Z"},{"storeID":98055,"salesPersonID":13,"cdID":123456,"pricePaid":8,"date":"2023-04-08T06:16:22.740Z"},{"storeID":98053,"salesPersonID":1,"cdID":123654,"pricePaid":2,"date":"2023-04-08T06:18:22.741Z"},{"storeID":98011,"salesPersonID":19,"cdID":543216,"pricePaid":2,"date":"2023-04-08T05:50:22.741Z"},{"storeID":98077,"salesPersonID":12,"cdID":123456,"pricePaid":2,"date":"2023-04-08T06:01:22.742Z"},{"storeID":98011,"salesPersonID":20,"cdID":654123,"pricePaid":1,"date":"2023-04-08T06:11:22.743Z"},{"storeID":98046,"salesPersonID":21,"cdID":123654,"pricePaid":3,"date":"2023-04-08T05:51:22.743Z"},{"storeID":98011,"salesPersonID":18,"cdID":354126,"pricePaid":2,"date":"2023-04-08T05:51:22.744Z"},{"storeID":98077,"salesPersonID":10,"cdID":654123,"pricePaid":7,"date":"2023-04-08T05:54:22.745Z"},{"storeID":98011,"salesPersonID":20,"cdID":123456,"pricePaid":6,"date":"2023-04-08T06:10:22.745Z"},{"storeID":98077,"salesPersonID":12,"cdID":123456,"pricePaid":2,"date":"2023-04-08T05:49:22.746Z"},{"storeID":98077,"salesPersonID":12,"cdID":354126,"pricePaid":3,"date":"2023-04-08T06:05:22.746Z"},{"storeID":98046,"salesPersonID":22,"cdID":354126,"pricePaid":3,"date":"2023-04-08T06:08:22.747Z"},{"storeID":98011,"salesPersonID":18,"cdID":543216,"pricePaid":1,"date":"2023-04-08T06:17:22.747Z"},{"storeID":98011,"salesPersonID":17,"cdID":123456,"pricePaid":1,"date":"2023-04-08T05:58:22.748Z"},{"storeID":98007,"salesPersonID":7,"cdID":654321,"pricePaid":5,"date":"2023-04-08T06:17:22.749Z"},{"storeID":98077,"salesPersonID":10,"cdID":543216,"pricePaid":6,"date":"2023-04-08T06:00:22.749Z"},{"storeID":98011,"salesPersonID":19,"cdID":654123,"pricePaid":8,"date":"2023-04-08T05:56:22.749Z"},{"storeID":98011,"salesPersonID":20,"cdID":123654,"pricePaid":3,"date":"2023-04-08T05:55:22.750Z"},{"storeID":98053,"salesPersonID":1,"cdID":123654,"pricePaid":1,"date":"2023-04-08T06:17:22.751Z"},{"storeID":98007,"salesPersonID":7,"cdID":321456,"pricePaid":8,"date":"2023-04-08T06:17:22.751Z"},{"storeID":98007,"salesPersonID":7,"cdID":654123,"pricePaid":3,"date":"2023-04-08T05:56:22.752Z"},{"storeID":98011,"salesPersonID":17,"cdID":321456,"pricePaid":7,"date":"2023-04-08T05:59:22.753Z"},{"storeID":98007,"salesPersonID":5,"cdID":621453,"pricePaid":2,"date":"2023-04-08T05:49:22.753Z"},{"storeID":98055,"salesPersonID":13,"cdID":123654,"pricePaid":2,"date":"2023-04-08T05:54:22.754Z"},{"storeID":98007,"salesPersonID":6,"cdID":543216,"pricePaid":1,"date":"2023-04-08T05:55:22.754Z"},{"storeID":98007,"salesPersonID":6,"cdID":321456,"pricePaid":9,"date":"2023-04-08T05:50:22.755Z"},{"storeID":98011,"salesPersonID":20,"cdID":621453,"pricePaid":6,"date":"2023-04-08T06:01:22.755Z"},{"storeID":98053,"salesPersonID":1,"cdID":623541,"pricePaid":6,"date":"2023-04-08T06:14:22.756Z"},{"storeID":98007,"salesPersonID":5,"cdID":321456,"pricePaid":2,"date":"2023-04-08T06:10:22.757Z"},{"storeID":98007,"salesPersonID":7,"cdID":621453,"pricePaid":3,"date":"2023-04-08T06:02:22.758Z"},{"storeID":98046,"salesPersonID":22,"cdID":321654,"pricePaid":1,"date":"2023-04-08T05:50:22.759Z"},{"storeID":98055,"salesPersonID":14,"cdID":123654,"pricePaid":1,"date":"2023-04-08T05:58:22.759Z"},{"storeID":98007,"salesPersonID":5,"cdID":321654,"pricePaid":4,"date":"2023-04-08T05:53:22.760Z"},{"storeID":98055,"salesPersonID":16,"cdID":321654,"pricePaid":2,"date":"2023-04-08T05:57:22.760Z"},{"storeID":98046,"salesPersonID":23,"cdID":354126,"pricePaid":5,"date":"2023-04-08T06:08:22.761Z"},{"storeID":98011,"salesPersonID":19,"cdID":123654,"pricePaid":6,"date":"2023-04-08T05:50:22.761Z"},{"storeID":98077,"salesPersonID":10,"cdID":654321,"pricePaid":5,"date":"2023-04-08T06:04:22.773Z"},{"storeID":98053,"salesPersonID":3,"cdID":321456,"pricePaid":2,"date":"2023-04-08T06:17:22.780Z"},{"storeID":98053,"salesPersonID":2,"cdID":543216,"pricePaid":9,"date":"2023-04-08T06:10:22.781Z"},{"storeID":98053,"salesPersonID":1,"cdID":543216,"pricePaid":8,"date":"2023-04-08T06:08:22.781Z"},{"storeID":98046,"salesPersonID":21,"cdID":321456,"pricePaid":9,"date":"2023-04-08T05:52:22.782Z"},{"storeID":98046,"salesPersonID":22,"cdID":123456,"pricePaid":1,"date":"2023-04-08T06:13:22.782Z"},{"storeID":98007,"salesPersonID":7,"cdID":654321,"pricePaid":6,"date":"2023-04-08T05:57:22.783Z"},{"storeID":98053,"salesPersonID":1,"cdID":321456,"pricePaid":2,"date":"2023-04-08T06:05:22.783Z"},{"storeID":98053,"salesPersonID":4,"cdID":123654,"pricePaid":2,"date":"2023-04-08T06:03:22.784Z"},{"storeID":98055,"salesPersonID":14,"cdID":654321,"pricePaid":1,"date":"2023-04-08T06:11:22.785Z"},{"storeID":98053,"salesPersonID":4,"cdID":123654,"pricePaid":2,"date":"2023-04-08T06:07:22.786Z"},{"storeID":98055,"salesPersonID":13,"cdID":321456,"pricePaid":5,"date":"2023-04-08T05:49:22.787Z"},{"storeID":98055,"salesPersonID":15,"cdID":354126,"pricePaid":9,"date":"2023-04-08T06:18:22.788Z"},{"storeID":98046,"salesPersonID":22,"cdID":354126,"pricePaid":8,"date":"2023-04-08T06:17:22.789Z"},{"storeID":98053,"salesPersonID":1,"cdID":621453,"pricePaid":5,"date":"2023-04-08T05:54:22.789Z"},{"storeID":98011,"salesPersonID":20,"cdID":321654,"pricePaid":7,"date":"2023-04-08T06:17:22.790Z"},{"storeID":98007,"salesPersonID":6,"cdID":321654,"pricePaid":9,"date":"2023-04-08T06:08:22.791Z"},{"storeID":98055,"salesPersonID":15,"cdID":321456,"pricePaid":7,"date":"2023-04-08T06:02:22.791Z"},{"storeID":98046,"salesPersonID":22,"cdID":321654,"pricePaid":4,"date":"2023-04-08T06:10:22.793Z"},{"storeID":98055,"salesPersonID":16,"cdID":321456,"pricePaid":3,"date":"2023-04-08T06:04:22.793Z"},{"storeID":98011,"salesPersonID":17,"cdID":543216,"pricePaid":2,"date":"2023-04-08T05:51:22.794Z"},{"storeID":98011,"salesPersonID":18,"cdID":354126,"pricePaid":7,"date":"2023-04-08T06:14:22.794Z"},{"storeID":98007,"salesPersonID":8,"cdID":123654,"pricePaid":8,"date":"2023-04-08T06:06:22.795Z"},{"storeID":98011,"salesPersonID":20,"cdID":543216,"pricePaid":4,"date":"2023-04-08T06:18:22.795Z"},{"storeID":98077,"salesPersonID":9,"cdID":621453,"pricePaid":2,"date":"2023-04-08T06:05:22.796Z"},{"storeID":98007,"salesPersonID":7,"cdID":321456,"pricePaid":6,"date":"2023-04-08T06:09:22.796Z"},{"storeID":98077,"salesPersonID":9,"cdID":543216,"pricePaid":8,"date":"2023-04-08T05:59:22.797Z"},{"storeID":98011,"salesPersonID":18,"cdID":621453,"pricePaid":6,"date":"2023-04-08T05:59:22.797Z"},{"storeID":98011,"salesPersonID":17,"cdID":321654,"pricePaid":2,"date":"2023-04-08T06:12:22.798Z"},{"storeID":98046,"salesPersonID":23,"cdID":123654,"pricePaid":5,"date":"2023-04-08T06:03:22.798Z"},{"storeID":98007,"salesPersonID":5,"cdID":321456,"pricePaid":6,"date":"2023-04-08T06:02:22.799Z"},{"storeID":98007,"salesPersonID":7,"cdID":654321,"pricePaid":3,"date":"2023-04-08T06:17:22.799Z"},{"storeID":98046,"salesPersonID":24,"cdID":321654,"pricePaid":7,"date":"2023-04-08T06:14:22.800Z"},{"storeID":98053,"salesPersonID":4,"cdID":543216,"pricePaid":8,"date":"2023-04-08T05:55:22.800Z"},{"storeID":98077,"salesPersonID":10,"cdID":623541,"pricePaid":9,"date":"2023-04-08T06:00:22.801Z"},{"storeID":98053,"salesPersonID":2,"cdID":123654,"pricePaid":3,"date":"2023-04-08T06:15:22.801Z"},{"storeID":98077,"salesPersonID":12,"cdID":543216,"pricePaid":7,"date":"2023-04-08T06:05:22.802Z"},{"storeID":98011,"salesPersonID":18,"cdID":354126,"pricePaid":5,"date":"2023-04-08T06:10:22.803Z"},{"storeID":98053,"salesPersonID":4,"cdID":123654,"pricePaid":1,"date":"2023-04-08T06:17:22.804Z"},{"storeID":98077,"salesPersonID":10,"cdID":123654,"pricePaid":1,"date":"2023-04-08T05:53:22.805Z"},{"storeID":98011,"salesPersonID":20,"cdID":321456,"pricePaid":1,"date":"2023-04-08T05:53:22.805Z"},{"storeID":98011,"salesPersonID":20,"cdID":123456,"pricePaid":6,"date":"2023-04-08T06:16:22.806Z"},{"storeID":98007,"salesPersonID":8,"cdID":321654,"pricePaid":7,"date":"2023-04-08T06:04:22.807Z"},{"storeID":98053,"salesPersonID":3,"cdID":123456,"pricePaid":1,"date":"2023-04-08T05:53:22.808Z"},{"storeID":98046,"salesPersonID":23,"cdID":621453,"pricePaid":5,"date":"2023-04-08T06:08:22.808Z"},{"storeID":98046,"salesPersonID":21,"cdID":123456,"pricePaid":3,"date":"2023-04-08T05:50:22.809Z"},{"storeID":98007,"salesPersonID":8,"cdID":321654,"pricePaid":6,"date":"2023-04-08T06:12:22.810Z"},{"storeID":98046,"salesPersonID":23,"cdID":321654,"pricePaid":3,"date":"2023-04-08T06:14:22.810Z"},{"storeID":98007,"salesPersonID":6,"cdID":321456,"pricePaid":7,"date":"2023-04-08T06:16:22.811Z"},{"storeID":98011,"salesPersonID":17,"cdID":621453,"pricePaid":4,"date":"2023-04-08T06:02:22.811Z"},{"storeID":98055,"salesPersonID":14,"cdID":654321,"pricePaid":4,"date":"2023-04-08T05:59:22.812Z"},{"storeID":98077,"salesPersonID":12,"cdID":321456,"pricePaid":3,"date":"2023-04-08T06:15:22.812Z"},{"storeID":98077,"salesPersonID":11,"cdID":654321,"pricePaid":2,"date":"2023-04-08T06:12:22.813Z"},{"storeID":98007,"salesPersonID":6,"cdID":354126,"pricePaid":6,"date":"2023-04-08T06:01:22.813Z"},{"storeID":98007,"salesPersonID":5,"cdID":123456,"pricePaid":1,"date":"2023-04-08T06:12:22.814Z"},{"storeID":98007,"salesPersonID":8,"cdID":123654,"pricePaid":7,"date":"2023-04-08T05:58:22.815Z"},{"storeID":98046,"salesPersonID":22,"cdID":543216,"pricePaid":2,"date":"2023-04-08T06:02:22.815Z"},{"storeID":98046,"salesPersonID":22,"cdID":543216,"pricePaid":9,"date":"2023-04-08T06:00:22.816Z"},{"storeID":98046,"salesPersonID":21,"cdID":123654,"pricePaid":6,"date":"2023-04-08T06:18:22.816Z"},{"storeID":98055,"salesPersonID":16,"cdID":123456,"pricePaid":3,"date":"2023-04-08T05:54:22.817Z"},{"storeID":98077,"salesPersonID":10,"cdID":123456,"pricePaid":3,"date":"2023-04-08T06:00:22.817Z"},{"storeID":98055,"salesPersonID":16,"cdID":321654,"pricePaid":2,"date":"2023-04-08T06:12:22.818Z"},{"storeID":98046,"salesPersonID":22,"cdID":654123,"pricePaid":1,"date":"2023-04-08T06:18:22.818Z"},{"storeID":98055,"salesPersonID":15,"cdID":654321,"pricePaid":1,"date":"2023-04-08T06:08:22.819Z"},{"storeID":98055,"salesPersonID":15,"cdID":123456,"pricePaid":5,"date":"2023-04-08T05:55:22.819Z"},{"storeID":98053,"salesPersonID":4,"cdID":621453,"pricePaid":3,"date":"2023-04-08T05:51:22.820Z"},{"storeID":98011,"salesPersonID":20,"cdID":654321,"pricePaid":3,"date":"2023-04-08T06:07:22.821Z"},{"storeID":98055,"salesPersonID":15,"cdID":621453,"pricePaid":4,"date":"2023-04-08T06:04:22.821Z"},{"storeID":98055,"salesPersonID":15,"cdID":623541,"pricePaid":6,"date":"2023-04-08T06:01:22.822Z"},{"storeID":98077,"salesPersonID":10,"cdID":354126,"pricePaid":7,"date":"2023-04-08T06:05:22.823Z"},{"storeID":98055,"salesPersonID":15,"cdID":543216,"pricePaid":7,"date":"2023-04-08T06:15:22.823Z"},{"storeID":98053,"salesPersonID":3,"cdID":654321,"pricePaid":5,"date":"2023-04-08T06:15:22.824Z"},{"storeID":98055,"salesPersonID":14,"cdID":623541,"pricePaid":6,"date":"2023-04-08T05:52:22.825Z"},{"storeID":98007,"salesPersonID":5,"cdID":543216,"pricePaid":8,"date":"2023-04-08T06:09:22.826Z"},{"storeID":98007,"salesPersonID":6,"cdID":654123,"pricePaid":9,"date":"2023-04-08T06:01:22.826Z"},{"storeID":98053,"salesPersonID":2,"cdID":543216,"pricePaid":1,"date":"2023-04-08T06:12:22.826Z"},{"storeID":98011,"salesPersonID":18,"cdID":321654,"pricePaid":6,"date":"2023-04-08T06:16:22.827Z"},{"storeID":98007,"salesPersonID":8,"cdID":123456,"pricePaid":8,"date":"2023-04-08T06:08:22.827Z"},{"storeID":98077,"salesPersonID":12,"cdID":321456,"pricePaid":4,"date":"2023-04-08T05:52:22.828Z"},{"storeID":98053,"salesPersonID":1,"cdID":654321,"pricePaid":1,"date":"2023-04-08T06:16:22.829Z"},{"storeID":98077,"salesPersonID":11,"cdID":123654,"pricePaid":8,"date":"2023-04-08T05:51:22.829Z"},{"storeID":98011,"salesPersonID":18,"cdID":354126,"pricePaid":3,"date":"2023-04-08T06:17:22.830Z"},{"storeID":98055,"salesPersonID":13,"cdID":621453,"pricePaid":7,"date":"2023-04-08T05:54:22.830Z"},{"storeID":98077,"salesPersonID":11,"cdID":654123,"pricePaid":4,"date":"2023-04-08T06:01:22.831Z"},{"storeID":98053,"salesPersonID":1,"cdID":621453,"pricePaid":5,"date":"2023-04-08T05:54:22.832Z"},{"storeID":98053,"salesPersonID":4,"cdID":654321,"pricePaid":9,"date":"2023-04-08T05:55:22.832Z"},{"storeID":98055,"salesPersonID":13,"cdID":654321,"pricePaid":5,"date":"2023-04-08T06:12:22.833Z"},{"storeID":98077,"salesPersonID":10,"cdID":654321,"pricePaid":4,"date":"2023-04-08T06:02:22.833Z"},{"storeID":98055,"salesPersonID":14,"cdID":354126,"pricePaid":1,"date":"2023-04-08T05:54:22.833Z"},{"storeID":98055,"salesPersonID":13,"cdID":123654,"pricePaid":7,"date":"2023-04-08T06:18:22.834Z"},{"storeID":98046,"salesPersonID":23,"cdID":654123,"pricePaid":4,"date":"2023-04-08T06:04:22.834Z"},{"storeID":98011,"salesPersonID":17,"cdID":623541,"pricePaid":9,"date":"2023-04-08T06:08:22.835Z"},{"storeID":98053,"salesPersonID":3,"cdID":543216,"pricePaid":5,"date":"2023-04-08T06:03:22.835Z"},{"storeID":98077,"salesPersonID":9,"cdID":654123,"pricePaid":1,"date":"2023-04-08T06:01:22.836Z"},{"storeID":98055,"salesPersonID":16,"cdID":654123,"pricePaid":9,"date":"2023-04-08T05:49:22.836Z"},{"storeID":98011,"salesPersonID":18,"cdID":623541,"pricePaid":1,"date":"2023-04-08T06:15:22.838Z"},{"storeID":98077,"salesPersonID":10,"cdID":621453,"pricePaid":5,"date":"2023-04-08T06:07:22.838Z"},{"storeID":98055,"salesPersonID":15,"cdID":123654,"pricePaid":8,"date":"2023-04-08T05:53:22.838Z"},{"storeID":98011,"salesPersonID":17,"cdID":543216,"pricePaid":1,"date":"2023-04-08T06:14:22.839Z"},{"storeID":98011,"salesPersonID":17,"cdID":543216,"pricePaid":7,"date":"2023-04-08T06:14:22.840Z"},{"storeID":98077,"salesPersonID":9,"cdID":321456,"pricePaid":3,"date":"2023-04-08T06:06:22.841Z"},{"storeID":98077,"salesPersonID":12,"cdID":654321,"pricePaid":5,"date":"2023-04-08T05:50:22.841Z"},{"storeID":98046,"salesPersonID":21,"cdID":321456,"pricePaid":4,"date":"2023-04-08T06:01:22.842Z"},{"storeID":98007,"salesPersonID":5,"cdID":654123,"pricePaid":5,"date":"2023-04-08T06:05:22.842Z"},{"storeID":98053,"salesPersonID":2,"cdID":321654,"pricePaid":5,"date":"2023-04-08T06:14:22.849Z"},{"storeID":98011,"salesPersonID":18,"cdID":654321,"pricePaid":2,"date":"2023-04-08T05:59:22.852Z"},{"storeID":98053,"salesPersonID":3,"cdID":123456,"pricePaid":6,"date":"2023-04-08T06:04:22.852Z"},{"storeID":98055,"salesPersonID":13,"cdID":123654,"pricePaid":3,"date":"2023-04-08T05:50:22.853Z"},{"storeID":98011,"salesPersonID":20,"cdID":543216,"pricePaid":2,"date":"2023-04-08T05:59:22.853Z"},{"storeID":98077,"salesPersonID":9,"cdID":621453,"pricePaid":2,"date":"2023-04-08T05:54:22.853Z"},{"storeID":98053,"salesPersonID":2,"cdID":621453,"pricePaid":6,"date":"2023-04-08T05:51:22.854Z"},{"storeID":98055,"salesPersonID":15,"cdID":621453,"pricePaid":7,"date":"2023-04-08T06:11:22.855Z"},{"storeID":98046,"salesPersonID":22,"cdID":654321,"pricePaid":9,"date":"2023-04-08T06:08:22.857Z"},{"storeID":98053,"salesPersonID":1,"cdID":354126,"pricePaid":1,"date":"2023-04-08T06:03:22.859Z"},{"storeID":98007,"salesPersonID":8,"cdID":123456,"pricePaid":7,"date":"2023-04-08T06:01:22.860Z"},{"storeID":98046,"salesPersonID":23,"cdID":123654,"pricePaid":7,"date":"2023-04-08T05:55:22.861Z"},{"storeID":98011,"salesPersonID":20,"cdID":621453,"pricePaid":3,"date":"2023-04-08T06:02:22.862Z"},{"storeID":98011,"salesPersonID":18,"cdID":654123,"pricePaid":1,"date":"2023-04-08T06:13:22.862Z"},{"storeID":98077,"salesPersonID":9,"cdID":654123,"pricePaid":5,"date":"2023-04-08T06:02:22.864Z"},{"storeID":98055,"salesPersonID":15,"cdID":354126,"pricePaid":4,"date":"2023-04-08T05:56:22.864Z"},{"storeID":98055,"salesPersonID":14,"cdID":623541,"pricePaid":7,"date":"2023-04-08T06:09:22.865Z"},{"storeID":98053,"salesPersonID":1,"cdID":543216,"pricePaid":5,"date":"2023-04-08T06:00:22.865Z"},{"storeID":98077,"salesPersonID":12,"cdID":123456,"pricePaid":7,"date":"2023-04-08T06:08:22.866Z"},{"storeID":98007,"salesPersonID":7,"cdID":321456,"pricePaid":6,"date":"2023-04-08T06:00:22.866Z"},{"storeID":98046,"salesPersonID":21,"cdID":543216,"pricePaid":5,"date":"2023-04-08T05:59:22.867Z"},{"storeID":98053,"salesPersonID":2,"cdID":321654,"pricePaid":5,"date":"2023-04-08T06:00:22.867Z"},{"storeID":98011,"salesPersonID":19,"cdID":123654,"pricePaid":5,"date":"2023-04-08T05:50:22.868Z"},{"storeID":98007,"salesPersonID":8,"cdID":123654,"pricePaid":1,"date":"2023-04-08T05:49:22.868Z"},{"storeID":98053,"salesPersonID":1,"cdID":623541,"pricePaid":2,"date":"2023-04-08T06:12:22.870Z"},{"storeID":98077,"salesPersonID":10,"cdID":321456,"pricePaid":5,"date":"2023-04-08T06:00:22.870Z"},{"storeID":98077,"salesPersonID":11,"cdID":123456,"pricePaid":4,"date":"2023-04-08T05:50:22.871Z"},{"storeID":98077,"salesPersonID":9,"cdID":543216,"pricePaid":4,"date":"2023-04-08T06:16:22.871Z"},{"storeID":98007,"salesPersonID":5,"cdID":321456,"pricePaid":5,"date":"2023-04-08T05:57:22.872Z"},{"storeID":98011,"salesPersonID":19,"cdID":321456,"pricePaid":2,"date":"2023-04-08T05:56:22.872Z"},{"storeID":98011,"salesPersonID":18,"cdID":321654,"pricePaid":2,"date":"2023-04-08T05:56:22.873Z"},{"storeID":98077,"salesPersonID":10,"cdID":354126,"pricePaid":4,"date":"2023-04-08T06:13:22.874Z"},{"storeID":98077,"salesPersonID":12,"cdID":123456,"pricePaid":3,"date":"2023-04-08T06:13:22.874Z"},{"storeID":98046,"salesPersonID":22,"cdID":621453,"pricePaid":3,"date":"2023-04-08T05:59:22.875Z"},{"storeID":98011,"salesPersonID":18,"cdID":654123,"pricePaid":3,"date":"2023-04-08T05:54:22.875Z"},{"storeID":98011,"salesPersonID":18,"cdID":354126,"pricePaid":8,"date":"2023-04-08T05:50:22.877Z"},{"storeID":98055,"salesPersonID":14,"cdID":654123,"pricePaid":9,"date":"2023-04-08T06:15:22.877Z"},{"storeID":98007,"salesPersonID":6,"cdID":621453,"pricePaid":2,"date":"2023-04-08T06:18:22.878Z"},{"storeID":98007,"salesPersonID":8,"cdID":321456,"pricePaid":8,"date":"2023-04-08T05:59:22.887Z"},{"storeID":98055,"salesPersonID":14,"cdID":321654,"pricePaid":2,"date":"2023-04-08T06:00:22.888Z"},{"storeID":98007,"salesPersonID":7,"cdID":123654,"pricePaid":4,"date":"2023-04-08T05:53:22.888Z"},{"storeID":98077,"salesPersonID":10,"cdID":623541,"pricePaid":9,"date":"2023-04-08T06:12:22.889Z"},{"storeID":98011,"salesPersonID":19,"cdID":123456,"pricePaid":8,"date":"2023-04-08T05:59:22.890Z"},{"storeID":98053,"salesPersonID":1,"cdID":123456,"pricePaid":4,"date":"2023-04-08T05:52:22.890Z"},{"storeID":98053,"salesPersonID":4,"cdID":321456,"pricePaid":6,"date":"2023-04-08T06:06:22.891Z"},{"storeID":98007,"salesPersonID":6,"cdID":623541,"pricePaid":6,"date":"2023-04-08T06:02:22.893Z"},{"storeID":98055,"salesPersonID":16,"cdID":623541,"pricePaid":5,"date":"2023-04-08T06:15:22.895Z"},{"storeID":98046,"salesPersonID":22,"cdID":354126,"pricePaid":9,"date":"2023-04-08T06:05:22.897Z"},{"storeID":98055,"salesPersonID":14,"cdID":623541,"pricePaid":7,"date":"2023-04-08T06:14:22.897Z"},{"storeID":98046,"salesPersonID":24,"cdID":321654,"pricePaid":8,"date":"2023-04-08T06:08:22.898Z"},{"storeID":98046,"salesPersonID":23,"cdID":654321,"pricePaid":2,"date":"2023-04-08T06:06:22.899Z"},{"storeID":98055,"salesPersonID":13,"cdID":123456,"pricePaid":1,"date":"2023-04-08T05:55:22.899Z"},{"storeID":98007,"salesPersonID":5,"cdID":621453,"pricePaid":3,"date":"2023-04-08T06:11:22.900Z"},{"storeID":98046,"salesPersonID":21,"cdID":543216,"pricePaid":8,"date":"2023-04-08T06:03:22.900Z"},{"storeID":98053,"salesPersonID":3,"cdID":123654,"pricePaid":1,"date":"2023-04-08T05:59:22.901Z"},{"storeID":98055,"salesPersonID":14,"cdID":623541,"pricePaid":6,"date":"2023-04-08T06:06:22.902Z"},{"storeID":98007,"salesPersonID":8,"cdID":543216,"pricePaid":3,"date":"2023-04-08T05:53:22.903Z"},{"storeID":98011,"salesPersonID":19,"cdID":654321,"pricePaid":7,"date":"2023-04-08T06:11:22.903Z"},{"storeID":98011,"salesPersonID":19,"cdID":354126,"pricePaid":1,"date":"2023-04-08T06:11:22.904Z"},{"storeID":98055,"salesPersonID":16,"cdID":654123,"pricePaid":6,"date":"2023-04-08T06:05:22.904Z"},{"storeID":98077,"salesPersonID":11,"cdID":654321,"pricePaid":7,"date":"2023-04-08T06:15:22.905Z"},{"storeID":98011,"salesPersonID":17,"cdID":543216,"pricePaid":2,"date":"2023-04-08T05:52:22.905Z"},{"storeID":98011,"salesPersonID":20,"cdID":543216,"pricePaid":4,"date":"2023-04-08T06:01:22.905Z"},{"storeID":98055,"salesPersonID":15,"cdID":543216,"pricePaid":9,"date":"2023-04-08T06:01:22.906Z"},{"storeID":98046,"salesPersonID":23,"cdID":321654,"pricePaid":1,"date":"2023-04-08T05:59:22.906Z"},{"storeID":98007,"salesPersonID":6,"cdID":621453,"pricePaid":5,"date":"2023-04-08T06:05:22.907Z"},{"storeID":98053,"salesPersonID":1,"cdID":123654,"pricePaid":7,"date":"2023-04-08T06:08:22.907Z"},{"storeID":98007,"salesPersonID":5,"cdID":123654,"pricePaid":6,"date":"2023-04-08T06:05:22.908Z"},{"storeID":98053,"salesPersonID":1,"cdID":543216,"pricePaid":9,"date":"2023-04-08T05:54:22.908Z"},{"storeID":98077,"salesPersonID":11,"cdID":321654,"pricePaid":2,"date":"2023-04-08T05:53:22.909Z"},{"storeID":98046,"salesPersonID":21,"cdID":543216,"pricePaid":1,"date":"2023-04-08T05:56:22.909Z"},{"storeID":98007,"salesPersonID":6,"cdID":654123,"pricePaid":5,"date":"2023-04-08T06:04:22.910Z"},{"storeID":98007,"salesPersonID":5,"cdID":543216,"pricePaid":8,"date":"2023-04-08T06:09:22.910Z"},{"storeID":98046,"salesPersonID":24,"cdID":543216,"pricePaid":2,"date":"2023-04-08T05:51:22.910Z"},{"storeID":98011,"salesPersonID":19,"cdID":321456,"pricePaid":1,"date":"2023-04-08T05:59:22.911Z"},{"storeID":98007,"salesPersonID":8,"cdID":654321,"pricePaid":5,"date":"2023-04-08T06:16:22.911Z"},{"storeID":98077,"salesPersonID":10,"cdID":654321,"pricePaid":4,"date":"2023-04-08T06:07:22.911Z"}]